{"frames":{"slimeGhost0.png":{"frame":{"x":0,"y":0,"w":32,"h":16},"rotated":false,"trimmed":false,"spriteSourceSize":{"x":0,"y":0,"w":32,"h":16},"sourceSize":{"w":32,"h":16}},"slimeGhost1.png":{"frame":{"x":32,"y":0,"w":32,"h":16},"rotated":false,"trimmed":false,"spriteSourceSize":{"x":0,"y":0,"w":32,"h":16},"sourceSize":{"w":32,"h":16}},"slimeGhost2.png":{"frame":{"x":64,"y":0,"w":32,"h":16},"rotated":false,"trimmed":false,"spriteSourceSize":{"x":0,"y":0,"w":32,"h":16},"sourceSize":{"w":32,"h":16}},"slimeGhost3.png":{"frame":{"x":0,"y":16,"w":32,"h":16},"rotated":false,"trimmed":false,"spriteSourceSize":{"x":0,"y":0,"w":32,"h":16},"sourceSize":{"w":32,"h":16}},"slimeGhost4.png":{"frame":{"x":32,"y":16,"w":32,"h":16},"rotated":false,"trimmed":false,"spriteSourceSize":{"x":0,"y":0,"w":32,"h":16},"sourceSize":{"w":32,"h":16}},"slimeGhost5.png":{"frame":{"x":64,"y":16,"w":32,"h":16},"rotated":false,"trimmed":false,"spriteSourceSize":{"x":0,"y":0,"w":32,"h":16},"sourceSize":{"w":32,"h":16}},"slimeGhost6.png":{"frame":{"x":0,"y":32,"w":32,"h":16},"rotated":false,"trimmed":false,"spriteSourceSize":{"x":0,"y":0,"w":32,"h":16},"sourceSize":{"w":32,"h":16}},"slimeGhost7.png":{"frame":{"x":32,"y":32,"w":32,"h":16},"rotated":false,"trimmed":false,"spriteSourceSize":{"x":0,"y":0,"w":32,"h":16},"sourceSize":{"w":32,"h":16}},"slimeGhost8.png":{"frame":{"x":64,"y":32,"w":32,"h":16},"rotated":false,"trimmed":false,"spriteSourceSize":{"x":0,"y":0,"w":32,"h":16},"sourceSize":{"w":32,"h":16}},"slimeGhost9.png":{"frame":{"x":0,"y":48,"w":32,"h":16},"rotated":false,"trimmed":false,"spriteSourceSize":{"x":0,"y":0,"w":32,"h":16},"sourceSize":{"w":32,"h":16}},"slimeGhost10.png":{"frame":{"x":32,"y":48,"w":32,"h":16},"rotated":false,"trimmed":false,"spriteSourceSize":{"x":0,"y":0,"w":32,"h":16},"sourceSize":{"w":32,"h":16}},"slimeGhost11.png":{"frame":{"x":64,"y":48,"w":32,"h":16},"rotated":false,"trimmed":false,"spriteSourceSize":{"x":0,"y":0,"w":32,"h":16},"sourceSize":{"w":32,"h":16}},"slimeGhost12.png":{"frame":{"x":0,"y":64,"w":32,"h":16},"rotated":false,"trimmed":false,"spriteSourceSize":{"x":0,"y":0,"w":32,"h":16},"sourceSize":{"w":32,"h":16}}},"meta":{"app":"https://github.com/piskelapp/piskel/","version":"1.0","image":"slimeGhost.png","format":"RGBA8888","size":{"w":96,"h":80}}}